Model,Accuracy,Precision,Recall,F1,ROC-AUC,PR-AUC
XGBoost,0.9965,0.26237,0.94574,0.41077,0.99765,0.8916
CatBoost,0.99759,0.34181,0.93798,0.50104,0.99667,0.88669
LightGBM,0.99777,0.35928,0.93023,0.51836,0.99804,0.88665
Random Forest,0.99915,0.62222,0.86822,0.72492,0.99537,0.88304
Logistic Regression,0.95778,0.02572,0.86047,0.04995,0.94969,0.52779
Decision Tree,0.999,0.57143,0.89922,0.6988,0.94918,0.51397
